rank,id,artist,title,family,bpm_band,energy,home_if_not_colmado,transition,layer
1,WPiEbYSF9kE,Elvis Crespo,Suavemente,merengue,124,peak,,,door
2,McV4pBRb-Sg,Juan Luis Guerra,La Bilirrubina,merengue,130-138,peak,,,door
3,1DbXzlhKS5s,Wilfrido Vargas,El Africano,merengue,137,peak,,,door
4,_koz_f4mthE,Juan Luis Guerra,A Pedir Su Mano,merengue,128-150,peak,,,door
5,uzU3x_egiEk,Eddy Herrera,Tú Eres Ajena,merengue,128-150,peak,,,door
6,qSi2j6FM0dc,Joe Arroyo,Rebelión,salsa,106 (or ~212 clave),peak,,JUMP,door
7,frsVQWSINAI,El Gran Combo,Me Liberé,salsa,88-110 felt / 170-220 clave,peak,,,door
8,imeXSRNRMeg,Celia Cruz,La Negra Tiene Tumbao,salsa,88-110 felt / 170-220 clave,peak,,,door
9,PmXJKVjhbqI,Frankie Ruiz,La Cura,salsa,88-110 felt / 170-220 clave,peak,,,door
10,UwnmzIgNzyU,Grupo Niche,Una Aventura,salsa,88-110 felt / 170-220 clave,peak,,,door
11,y08MAPIACBY,Cuco Valoy,Juliana,merengue,128-150,peak,,JUMP,door
12,v7324GfdI3Q,Los Cantantes,El Venao,merengue,128-150,peak,,,door
13,HN6ACmknaiw,Los Hermanos Rosario,La Dueña del Swing,merengue,128-150,peak,,,door
14,SUgQHe902yQ,Jerry Rivera,Qué Hay de Malo,salsa,88-110 felt / 170-220 clave,peak,,JUMP,door
15,7wpVJvRIKYQ,Víctor Manuelle,He Tratado,salsa,88-110 felt / 170-220 clave,peak,,,door
16,gxlB1B9emDc,Oscar D'León,Llorarás,salsa,88-110 felt / 170-220 clave,peak,,,sauce
17,AFYJ5axf02o,Celia Cruz,La Vida Es Un Carnaval,salsa,88-110 felt / 170-220 clave,peak,,,sauce
18,af9gVqE9-E8,Héctor Lavoe,Mi Gente,salsa,88-110 felt / 170-220 clave,peak,,,sauce
19,MAq9y0bxTX0,Celia Cruz,Quimbara,salsa,88-110 felt / 170-220 clave,peak,,,sauce
20,-X92muXeN-s,Willie Colón,Che Che Colé,salsa,88-110 felt / 170-220 clave,peak,,,sauce
21,5BPYFIWNehg,Willie Colón y Héctor Lavoe,Aguanile,salsa,88-110 felt / 170-220 clave,peak,,,sauce
22,jqg5n6TtO-U,Sonora Ponceña,Fuego en el 23,salsa,88-110 felt / 170-220 clave,peak,,,sauce
23,0xT7maXs-UU,El Gran Combo,Brujería,salsa,88-110 felt / 170-220 clave,peak,,,sauce
24,ptrvHM0-ceA,Fruko y sus Tesos,El Preso,salsa,88-110 felt / 170-220 clave,peak,,,sauce
25,3CqNeJLqvL0,Elvis Crespo,Tu Sonrisa,merengue,128-150,peak,,JUMP,sauce
26,ub_36MSMrxo,Pochy y su Cocoband,La Peliona,merengue,128-150,peak,,,sauce
27,3SJwKBxKuoM,Juan Luis Guerra 4.40,La Cosquillita,merengue,128-150,peak,,,sauce
28,ASnkzgvBf0o,Olga Tañón,Es Mentiroso,merengue,128-150,peak,,,sauce
29,ihZQAh4jr4M,Juan Luis Guerra 4.40,Las Avispas,merengue,128-150,peak,,,sauce
30,zN138OU1qws,Johnny Ventura,Patacón Pisao,merengue,128-150,peak,,,sauce
31,9x_Zmt4S01s,Juan Luis Guerra 4.40,La Guagua,merengue,128-150,peak,,,sauce
32,hwv_-V5LsHk,Jossie Esteban y la Patrulla 15,El Cantinero,merengue,128-150,peak,,,sauce
33,hBhIA8lDi2c,Elvis Crespo,Píntame,merengue,128-150,peak,,,sauce
34,yGvStabyqIE,Las Chicas del Can,El Negro No Puede,merengue,128-150,peak,,,sauce
35,4Qy0vs80T5M,Proyecto Uno,El Tiburón,merenhouse,120-132,peak,marquesina/limpieza,,sauce
36,x6Y3EFLtnFM,Fulanito,Guallando,merenhouse,120-132,peak,marquesina/limpieza,,sauce
37,BT8Afk8HDxY,Ilegales,La Morena,merenhouse,120-132,peak,marquesina/limpieza,,sauce
38,m29uPaJ0Deo,Grupo Manía,A Que Te Pego Mi Manía,merengue,128-150,peak,,,sauce
39,Zc13NAc7dvM,Gilberto Santa Rosa,Conteo Regresivo (Salsa Version),salsa,88-110 felt / 170-220 clave,peak,,JUMP,sauce
40,Ns9YYSqLxyI,Marc Anthony,Valió La Pena (Salsa),salsa,88-110 felt / 170-220 clave,peak,,,sauce
41,BNo0vkEYWRc,Héctor Lavoe,El Cantante,story_salsa,88-110 felt / 170-220 clave,mid,catalog_not_door,,tail
42,Jn1OIkMqpbo,Sergio Vargas,La Quiero a Morir,salsa,88-110 felt / 170-220 clave,peak,,,tail
43,N8kGeGXddxg,Frankie Ruiz,Deseándote,salsa,88-110 felt / 170-220 clave,peak,,,tail
44,mXZRB_al3fs,Willie Colón y Héctor Lavoe,El Día de Mi Suerte,salsa,88-110 felt / 170-220 clave,peak,,,tail
45,GyhwmZAQB-Y,Rubén Blades,Decisiones,salsa,88-110 felt / 170-220 clave,peak,,,tail
46,s3fcKFQukbY,Tito Nieves,Fabricando Fantasías,salsa,88-110 felt / 170-220 clave,peak,,,tail
47,2PVi95J-FMo,Luis Enrique,Yo No Sé Mañana,salsa,88-110 felt / 170-220 clave,peak,,,tail
48,7kbjKCj-rMQ,Gilberto Santa Rosa,Conciencia,salsa,88-110 felt / 170-220 clave,peak,,,tail
49,wQUcaSEuob0,Rey Ruiz,Mi Media Mitad,salsa,88-110 felt / 170-220 clave,peak,,,tail
50,0ZfwT6lHahk,Gilberto Santa Rosa,Que Alguien Me Diga,salsa,88-110 felt / 170-220 clave,peak,,,tail
51,1crMUfqH6i0,Bonny Cepeda,Una Fotografía,merengue,128-150,peak,,JUMP,tail
52,sJqDmVekMWU,Jerry Rivera,Amores Como el Nuestro,salsa,88-110 felt / 170-220 clave,peak,,JUMP,tail
53,US0GbUpQ9VU,Willie Colón,El Gran Varón,story_salsa,88-110 felt / 170-220 clave,mid,catalog_not_door,,tail
54,qYkpURie5cU,Héctor Lavoe,Periódico de Ayer,story_salsa,88-110 felt / 170-220 clave,mid,catalog_not_door,,tail
55,hLKwsJHspCw,El Gran Combo,Ojos Chinos,salsa,88-110 felt / 170-220 clave,peak,,,tail
56,bnv9r-FcD6I,La India,Ese Hombre,salsa,88-110 felt / 170-220 clave,peak,,,tail
57,HBkZRS8gTdg,El Gran Combo,Un Verano en Nueva York,salsa,88-110 felt / 170-220 clave,peak,,,tail
58,j8ElCh65bzk,Joe Arroyo,En Barranquilla Me Quedo,salsa,88-110 felt / 170-220 clave,peak,,,tail
59,4V3QrqlCnmw,Willie Colón y Héctor Lavoe,Juanito Alimaña,salsa,88-110 felt / 170-220 clave,peak,,,tail
60,ERVhkEtdrPY,Rubén Blades,Pedro Navaja,story_salsa,88-110 felt / 170-220 clave,mid,catalog_not_door,,tail
61,ISvXRDB8iwE,Joe Arroyo,El Centurión De La Noche,salsa,88-110 felt / 170-220 clave,peak,,,tail
62,bgSpdgL9lkQ,El Gran Combo,Y No Hago Más Na,salsa,88-110 felt / 170-220 clave,peak,,,tail
63,pE6HUa6Q3b8,Grupo Niche,Gotas de Lluvia,salsa,88-110 felt / 170-220 clave,peak,,,tail
64,OvQArMzHt90,Cheo Feliciano,Anacaona,story_salsa,88-110 felt / 170-220 clave,mid,catalog_not_door,,tail
65,dElUL4hvbJE,Grupo Manía,Linda Eh,salsa,88-110 felt / 170-220 clave,peak,,,tail
66,fDj-CSQDbsY,Ismael Rivera,El Nazareno,story_salsa,88-110 felt / 170-220 clave,mid,catalog_not_door,,tail
67,uTXP8VB52-I,Héctor Lavoe,Todo Tiene Su Final,salsa,88-110 felt / 170-220 clave,peak,,,tail
68,V1jnol6o1kQ,Bonny Cepeda,La Asesina,merengue,128-150,peak,,JUMP,tail
69,fs1Fg07CsQs,Wilfrido Vargas,El Baile del Perrito,merengue,128-150,peak,,,tail
70,pXPVxwaXtV0,Willie Colón,Idilio,salsa,88-110 felt / 170-220 clave,peak,,JUMP,tail
71,epndigKqzDs,Wilfrido Vargas,El Jardinero,merengue,128-150,peak,,JUMP,tail
72,8QFzVz8whgQ,Rubby Pérez,Volveré,merengue,128-150,peak,,,tail
73,ptb09sCuMTo,Ismael Rivera,Las Tumbas,salsa,88-110 felt / 170-220 clave,peak,,JUMP,tail
74,E6soE-1p3kw,Milly Quezada,Volvió Juanita,merengue,128-150,peak,,JUMP,tail
75,cg7pyBPSEwE,Bonny Cepeda,Ay Doctor,merengue,128-150,peak,,,tail
76,e494zPaEc6A,Lalo Rodríguez,Ven Devórame Otra Vez,salsa,88-110 felt / 170-220 clave,peak,,JUMP,tail
77,lvfQWpvcE30,Los Hermanos Rosario,Ella Se Fue,merengue,128-150,peak,,JUMP,tail
78,vtizic9NnfY,Kinito Méndez,El Baile del Sua Sua,merenhouse,120-132,peak,marquesina/limpieza,,tail
79,ssOtmdQatGQ,Toño Rosario,Kulikitaka,merengue,128-150,peak,,,tail
80,H5gxKL5pmI4,Frankie Ruiz,Desnúdate Mujer,salsa,88-110 felt / 170-220 clave,peak,,JUMP,tail
81,Rh2YCjhZnYk,Tito Rojas,Sensual,salsa,88-110 felt / 170-220 clave,peak,,,tail
82,Phy-i5oPJJ0,Willie Colón y Héctor Lavoe,Calle Luna Calle Sol,salsa,88-110 felt / 170-220 clave,peak,,,tail
83,xaKLn_z9R_k,Fernando Villalona,Tabaco y Ron,merengue,128-150,peak,,JUMP,tail
84,DJfU0ZfFidY,Willie Colón,Oh Qué Será,salsa,88-110 felt / 170-220 clave,peak,,JUMP,tail
85,ydz-OjoIyuo,Los Hermanos Rosario,Dominicana,merengue,128-150,peak,,JUMP,tail
86,XtQ6QxGF0PM,Kinito Méndez,Cachamba,merenhouse,120-132,peak,marquesina/limpieza,,tail
87,uWIl86jzQqc,Johnny Ventura,El Sueño,merengue,128-150,peak,,,tail
88,uwQ-2yfnuRU,Gisselle y Sergio Vargas,"Perdóname, Olvídalo",salsa,88-110 felt / 170-220 clave,peak,,JUMP,tail
89,bntQQjEnbPA,Wilfrido Vargas,Abusadora,merengue,128-150,peak,,JUMP,tail
90,bibVirPrCD4,Marc Anthony,Hasta Ayer,salsa,88-110 felt / 170-220 clave,peak,,JUMP,tail
91,tvX9xwHCPmg,Eddie Santiago,Tú Me Quemas,salsa,88-110 felt / 170-220 clave,peak,,,tail
92,zLu1z5Cg59w,Marc Anthony,Y Hubo Alguien,salsa,88-110 felt / 170-220 clave,peak,,,tail
93,HOrPwEZLhD4,Kinito Méndez,El Asilo,merengue,128-150,peak,,JUMP,tail
94,-VuPAychkn8,Frankie Ruiz,Mi Libertad,salsa,88-110 felt / 170-220 clave,peak,,JUMP,tail
95,fJ_Rsda2chU,Eddie Santiago,Qué Locura Enamorarme de Ti,salsa,88-110 felt / 170-220 clave,peak,,,tail
96,zZTo7FYn0lI,Eddy Herrera,Me Sabe A Poco,merengue,128-150,peak,,JUMP,tail
97,KFhdezcPhGA,Eddie Santiago,Lluvia,salsa,88-110 felt / 170-220 clave,peak,,JUMP,tail
98,KP_TJdAiGLE,Willie Colón,El Malo,salsa,88-110 felt / 170-220 clave,peak,,,tail
99,1yvoPyqaOCA,Oscar D'León,Detalles,salsa,88-110 felt / 170-220 clave,peak,,,tail
100,s_U6G68NYec,Richie Ray,Sonido Bestial,salsa,88-110 felt / 170-220 clave,peak,,,tail
